name,message,room,time
王維彤,早安&nbsp;今天天氣不好&nbsp;外面在下雨,全體聊天室,2023-12-28 09:22:36.979270+08:00
ll,大家早安,全體聊天室,2023-12-28 09:22:46.528907+08:00
戴,你好,全體聊天室,2023-12-28 09:22:51.411687+08:00
24,鍵盤壞了,全體聊天室,2023-12-28 09:22:54.722471+08:00
squall,我回家的時候不要下就好,全體聊天室,2023-12-28 09:22:56.081412+08:00
24,...,全體聊天室,2023-12-28 09:22:58.730417+08:00
53,ashgdh,全體聊天室,2023-12-28 09:23:21.250856+08:00
王維彤,好可憐喔&nbsp;沒有1也沒有O,全體聊天室,2023-12-28 09:23:21.756710+08:00
宇辰1,123,全體聊天室,2023-12-28 09:23:22.509699+08:00
makoto,zzzzzz@#$%*(@$,全體聊天室,2023-12-28 09:23:23.069315+08:00
宇辰1,415,全體聊天室,2023-12-28 09:23:23.492399+08:00
53,hi,全體聊天室,2023-12-28 09:23:23.683765+08:00
宇辰1,15135,全體聊天室,2023-12-28 09:23:24.570285+08:00
宇辰1,634634,全體聊天室,2023-12-28 09:23:25.495721+08:00
53,怒,全體聊天室,2023-12-28 09:23:26.057358+08:00
makoto,'ahdfjkhgh,全體聊天室,2023-12-28 09:23:27.334218+08:00
makoto,jkadshglare,全體聊天室,2023-12-28 09:23:27.815209+08:00
yii,1223,全體聊天室,2023-12-28 09:23:28.101642+08:00
makoto,fhiadf[pg,全體聊天室,2023-12-28 09:23:28.224715+08:00
makoto,fo[j,全體聊天室,2023-12-28 09:23:28.415124+08:00
makoto,aldfjghhopji,全體聊天室,2023-12-28 09:23:28.752241+08:00
makoto,nagh,全體聊天室,2023-12-28 09:23:29.074986+08:00
makoto,fakgh,全體聊天室,2023-12-28 09:23:29.254304+08:00
王維彤,wdifskdnhvpaefklfadnfaljhfda;fd,全體聊天室,2023-12-28 09:23:29.677615+08:00
squall,wwwwww,全體聊天室,2023-12-28 09:23:31.383887+08:00
squall,w,全體聊天室,2023-12-28 09:23:31.622539+08:00
squall,ww,全體聊天室,2023-12-28 09:23:31.985442+08:00
squall,w,全體聊天室,2023-12-28 09:23:32.143938+08:00
squall,w,全體聊天室,2023-12-28 09:23:32.314471+08:00
squall,w,全體聊天室,2023-12-28 09:23:32.456066+08:00
squall,w,全體聊天室,2023-12-28 09:23:32.759221+08:00
宇辰1,5ㄊ,全體聊天室,2023-12-28 09:23:32.827585+08:00
squall,w,全體聊天室,2023-12-28 09:23:32.895516+08:00
squall,ww,全體聊天室,2023-12-28 09:23:33.204585+08:00
squall,w,全體聊天室,2023-12-28 09:23:33.384715+08:00
宇辰1,55555,全體聊天室,2023-12-28 09:23:33.468244+08:00
squall,w,全體聊天室,2023-12-28 09:23:33.715874+08:00
squall,w,全體聊天室,2023-12-28 09:23:33.842595+08:00
squall,ww,全體聊天室,2023-12-28 09:23:34.396655+08:00
makoto,ww,全體聊天室,2023-12-28 09:23:34.544516+08:00
squall,w,全體聊天室,2023-12-28 09:23:34.630614+08:00
makoto,w,全體聊天室,2023-12-28 09:23:34.674190+08:00
squall,w,全體聊天室,2023-12-28 09:23:34.813709+08:00
makoto,w,全體聊天室,2023-12-28 09:23:35.026847+08:00
makoto,w,全體聊天室,2023-12-28 09:23:35.144721+08:00
squall,ww,全體聊天室,2023-12-28 09:23:35.185659+08:00
makoto,w,全體聊天室,2023-12-28 09:23:35.275663+08:00
makoto,w,全體聊天室,2023-12-28 09:23:35.400185+08:00
宇辰1,5655555555555552,全體聊天室,2023-12-28 09:23:35.414129+08:00
squall,w,全體聊天室,2023-12-28 09:23:35.458583+08:00
makoto,w,全體聊天室,2023-12-28 09:23:35.527691+08:00
squall,w,全體聊天室,2023-12-28 09:23:35.652566+08:00
makoto,w,全體聊天室,2023-12-28 09:23:35.671633+08:00
squall,w,全體聊天室,2023-12-28 09:23:35.791438+08:00
makoto,w,全體聊天室,2023-12-28 09:23:35.807590+08:00
squall,w,全體聊天室,2023-12-28 09:23:35.953097+08:00
makoto,w,全體聊天室,2023-12-28 09:23:35.982349+08:00
makoto,w,全體聊天室,2023-12-28 09:23:36.072289+08:00
makoto,w,全體聊天室,2023-12-28 09:23:36.184274+08:00
squall,w,全體聊天室,2023-12-28 09:23:36.231500+08:00
makoto,w,全體聊天室,2023-12-28 09:23:36.324495+08:00
squall,w,全體聊天室,2023-12-28 09:23:36.376621+08:00
makoto,w,全體聊天室,2023-12-28 09:23:36.470559+08:00
squall,w,全體聊天室,2023-12-28 09:23:36.540737+08:00
makoto,w,全體聊天室,2023-12-28 09:23:36.630086+08:00
yii,111,全體聊天室,2023-12-28 09:23:36.633709+08:00
makoto,w,全體聊天室,2023-12-28 09:23:36.773122+08:00
makoto,w,全體聊天室,2023-12-28 09:23:36.919117+08:00
makoto,w,全體聊天室,2023-12-28 09:23:37.082305+08:00
宇辰1,555555555,全體聊天室,2023-12-28 09:23:37.115026+08:00
makoto,w,全體聊天室,2023-12-28 09:23:37.229439+08:00
makoto,w,全體聊天室,2023-12-28 09:23:37.394279+08:00
makoto,w,全體聊天室,2023-12-28 09:23:37.539001+08:00
yii,1,全體聊天室,2023-12-28 09:23:37.579583+08:00
makoto,w,全體聊天室,2023-12-28 09:23:37.679788+08:00
宇辰1,555,全體聊天室,2023-12-28 09:23:37.757547+08:00
makoto,w,全體聊天室,2023-12-28 09:23:37.834536+08:00
makoto,w,全體聊天室,2023-12-28 09:23:38.005177+08:00
53,wejfnwe,全體聊天室,2023-12-28 09:23:38.009164+08:00
makoto,w,全體聊天室,2023-12-28 09:23:38.134226+08:00
yii,1,全體聊天室,2023-12-28 09:23:38.159598+08:00
53,we,全體聊天室,2023-12-28 09:23:38.181685+08:00
宇辰1,5555,全體聊天室,2023-12-28 09:23:38.256966+08:00
makoto,w,全體聊天室,2023-12-28 09:23:38.274624+08:00
53,er,全體聊天室,2023-12-28 09:23:38.335726+08:00
makoto,w,全體聊天室,2023-12-28 09:23:38.429730+08:00
53,ew,全體聊天室,2023-12-28 09:23:38.487073+08:00
yii,11,全體聊天室,2023-12-28 09:23:38.589732+08:00
宇辰1,5,全體聊天室,2023-12-28 09:23:38.594744+08:00
宇辰1,5,全體聊天室,2023-12-28 09:23:38.785822+08:00
yii,1,全體聊天室,2023-12-28 09:23:38.866612+08:00
makoto,w,全體聊天室,2023-12-28 09:23:38.872795+08:00
宇辰1,EW5,全體聊天室,2023-12-28 09:23:38.929165+08:00
53,er,全體聊天室,2023-12-28 09:23:38.946666+08:00
makoto,w,全體聊天室,2023-12-28 09:23:39.041697+08:00
yii,1,全體聊天室,2023-12-28 09:23:39.080625+08:00
宇辰1,TEW5,全體聊天室,2023-12-28 09:23:39.087606+08:00
53,er,全體聊天室,2023-12-28 09:23:39.124441+08:00
makoto,w,全體聊天室,2023-12-28 09:23:39.188497+08:00
宇辰1,TEW5,全體聊天室,2023-12-28 09:23:39.202287+08:00
53,er,全體聊天室,2023-12-28 09:23:39.301867+08:00
yii,1,全體聊天室,2023-12-28 09:23:39.311851+08:00
宇辰1,5TEW,全體聊天室,2023-12-28 09:23:39.347535+08:00
makoto,ww,全體聊天室,2023-12-28 09:23:39.351513+08:00
53,er,全體聊天室,2023-12-28 09:23:39.454609+08:00
yii,1,全體聊天室,2023-12-28 09:23:39.469641+08:00
makoto,w,全體聊天室,2023-12-28 09:23:39.502493+08:00
宇辰1,5,全體聊天室,2023-12-28 09:23:39.532231+08:00
53,r,全體聊天室,2023-12-28 09:23:39.611457+08:00
yii,1,全體聊天室,2023-12-28 09:23:39.620612+08:00
宇辰1,EW5T,全體聊天室,2023-12-28 09:23:39.640510+08:00
makoto,w,全體聊天室,2023-12-28 09:23:39.670911+08:00
53,ere,全體聊天室,2023-12-28 09:23:39.779256+08:00
yii,1,全體聊天室,2023-12-28 09:23:39.784370+08:00
宇辰1,EW5,全體聊天室,2023-12-28 09:23:39.788032+08:00
johnny66543,1233213313,全體聊天室,2023-12-28 09:23:39.828021+08:00
makoto,w,全體聊天室,2023-12-28 09:23:39.839732+08:00
yii,1,全體聊天室,2023-12-28 09:23:39.930918+08:00
宇辰1,ETW5,全體聊天室,2023-12-28 09:23:39.937281+08:00
53,r,全體聊天室,2023-12-28 09:23:39.939277+08:00
宇辰1,TEW5,全體聊天室,2023-12-28 09:23:40.085497+08:00
53,er,全體聊天室,2023-12-28 09:23:40.095470+08:00
yii,1,全體聊天室,2023-12-28 09:23:40.101454+08:00
王維彤,fiqefkFJ,全體聊天室,2023-12-28 09:23:40.241102+08:00
53,er,全體聊天室,2023-12-28 09:23:40.252077+08:00
yii,1,全體聊天室,2023-12-28 09:23:40.271572+08:00
makoto,w,全體聊天室,2023-12-28 09:23:40.328424+08:00
宇辰1,EW5T5E,全體聊天室,2023-12-28 09:23:40.380974+08:00
53,er,全體聊天室,2023-12-28 09:23:40.432952+08:00
makoto,w,全體聊天室,2023-12-28 09:23:40.507736+08:00
宇辰1,W5EWT,全體聊天室,2023-12-28 09:23:40.533523+08:00
53,er,全體聊天室,2023-12-28 09:23:40.585787+08:00
makoto,w,全體聊天室,2023-12-28 09:23:40.678181+08:00
宇辰1,5,全體聊天室,2023-12-28 09:23:40.683187+08:00
53,er,全體聊天室,2023-12-28 09:23:40.758169+08:00
宇辰1,TEW5,全體聊天室,2023-12-28 09:23:40.805049+08:00
yii,1111,全體聊天室,2023-12-28 09:23:40.834413+08:00
makoto,w,全體聊天室,2023-12-28 09:23:40.848257+08:00
宇辰1,EWT5,全體聊天室,2023-12-28 09:23:40.957152+08:00
53,erer,全體聊天室,2023-12-28 09:23:40.974287+08:00
王維彤,EHIFHe,全體聊天室,2023-12-28 09:23:41.003479+08:00
makoto,w,全體聊天室,2023-12-28 09:23:41.027596+08:00
yii,1,全體聊天室,2023-12-28 09:23:41.080695+08:00
53,er,全體聊天室,2023-12-28 09:23:41.168552+08:00
makoto,w,全體聊天室,2023-12-28 09:23:41.183420+08:00
makoto,w,全體聊天室,2023-12-28 09:23:41.345593+08:00
宇辰1,5EW5,全體聊天室,2023-12-28 09:23:41.432624+08:00
53,ekg,全體聊天室,2023-12-28 09:23:41.455973+08:00
陳冠傑,SDJSDDS,全體聊天室,2023-12-28 09:23:41.461981+08:00
makoto,w,全體聊天室,2023-12-28 09:23:41.507517+08:00
宇辰1,EW5,全體聊天室,2023-12-28 09:23:41.541681+08:00
王維彤,fhk,全體聊天室,2023-12-28 09:23:41.676936+08:00
53,kewgk,全體聊天室,2023-12-28 09:23:41.686913+08:00
宇辰1,ETW5,全體聊天室,2023-12-28 09:23:41.690903+08:00
53,ewg,全體聊天室,2023-12-28 09:23:41.835218+08:00
宇辰1,W,全體聊天室,2023-12-28 09:23:41.857646+08:00
makoto,w,全體聊天室,2023-12-28 09:23:41.941673+08:00
宇辰1,EWT5,全體聊天室,2023-12-28 09:23:42.050097+08:00
makoto,w,全體聊天室,2023-12-28 09:23:42.105073+08:00
makoto,w,全體聊天室,2023-12-28 09:23:42.272441+08:00
53,ewglsd,全體聊天室,2023-12-28 09:23:42.322640+08:00
makoto,w,全體聊天室,2023-12-28 09:23:42.454947+08:00
陳冠傑,DSDSLDS,全體聊天室,2023-12-28 09:23:42.465918+08:00
53,lgsdl,全體聊天室,2023-12-28 09:23:42.540192+08:00
陳冠傑,DS,全體聊天室,2023-12-28 09:23:42.630171+08:00
53,gds,全體聊天室,2023-12-28 09:23:42.740267+08:00
yii,1,全體聊天室,2023-12-28 09:23:42.814666+08:00
makoto,w,全體聊天室,2023-12-28 09:23:42.831780+08:00
陳冠傑,DS,全體聊天室,2023-12-28 09:23:42.854807+08:00
53,lglds,全體聊天室,2023-12-28 09:23:42.982248+08:00
makoto,w,全體聊天室,2023-12-28 09:23:43.027435+08:00
陳冠傑,DS,全體聊天室,2023-12-28 09:23:43.032743+08:00
宇辰1,W5TE,全體聊天室,2023-12-28 09:23:43.048097+08:00
王維彤,"V;jqe,fqlefphqf",全體聊天室,2023-12-28 09:23:43.063939+08:00
宇辰1,E5WT,全體聊天室,2023-12-28 09:23:43.198475+08:00
53,lgds,全體聊天室,2023-12-28 09:23:43.204450+08:00
makoto,ww,全體聊天室,2023-12-28 09:23:43.207445+08:00
陳冠傑,DS,全體聊天室,2023-12-28 09:23:43.235433+08:00
宇辰1,5ET,全體聊天室,2023-12-28 09:23:43.366867+08:00
makoto,w,全體聊天室,2023-12-28 09:23:43.373851+08:00
53,lg,全體聊天室,2023-12-28 09:23:43.403388+08:00
陳冠傑,DS,全體聊天室,2023-12-28 09:23:43.408593+08:00
宇辰1,5ET,全體聊天室,2023-12-28 09:23:43.534295+08:00
makoto,w,全體聊天室,2023-12-28 09:23:43.542236+08:00
53,dslg,全體聊天室,2023-12-28 09:23:43.600149+08:00
陳冠傑,SD,全體聊天室,2023-12-28 09:23:43.605834+08:00
宇辰1,W5,全體聊天室,2023-12-28 09:23:43.704317+08:00
makoto,w,全體聊天室,2023-12-28 09:23:43.719611+08:00
53,ldsg,全體聊天室,2023-12-28 09:23:43.798054+08:00
陳冠傑,SD,全體聊天室,2023-12-28 09:23:43.809641+08:00
宇辰1,TEW5,全體聊天室,2023-12-28 09:23:43.868317+08:00
makoto,w,全體聊天室,2023-12-28 09:23:43.887617+08:00
53,lds,全體聊天室,2023-12-28 09:23:44.004000+08:00
陳冠傑,SD,全體聊天室,2023-12-28 09:23:44.031271+08:00
宇辰1,ET5W,全體聊天室,2023-12-28 09:23:44.055084+08:00
makoto,w,全體聊天室,2023-12-28 09:23:44.067311+08:00
陳冠傑,S,全體聊天室,2023-12-28 09:23:44.197003+08:00
宇辰1,TE5W,全體聊天室,2023-12-28 09:23:44.205491+08:00
53,glds,全體聊天室,2023-12-28 09:23:44.221167+08:00
makoto,w,全體聊天室,2023-12-28 09:23:44.233164+08:00
宇辰1,5TE,全體聊天室,2023-12-28 09:23:44.375202+08:00
陳冠傑,D,全體聊天室,2023-12-28 09:23:44.388557+08:00
makoto,w,全體聊天室,2023-12-28 09:23:44.407509+08:00
53,lgds,全體聊天室,2023-12-28 09:23:44.423670+08:00
yii,1,全體聊天室,2023-12-28 09:23:44.521702+08:00
宇辰1,W5E,全體聊天室,2023-12-28 09:23:44.539473+08:00
陳冠傑,DS,全體聊天室,2023-12-28 09:23:44.570081+08:00
makoto,w,全體聊天室,2023-12-28 09:23:44.577301+08:00
53,lgdsl,全體聊天室,2023-12-28 09:23:44.689671+08:00
宇辰1,WT5TE,全體聊天室,2023-12-28 09:23:44.701600+08:00
makoto,w,全體聊天室,2023-12-28 09:23:44.752783+08:00
陳冠傑,D,全體聊天室,2023-12-28 09:23:44.781290+08:00
宇辰1,W5,全體聊天室,2023-12-28 09:23:44.869336+08:00
53,glds,全體聊天室,2023-12-28 09:23:44.905361+08:00
makoto,w,全體聊天室,2023-12-28 09:23:44.922621+08:00
陳冠傑,DS,全體聊天室,2023-12-28 09:23:44.966961+08:00
宇辰1,ETW5,全體聊天室,2023-12-28 09:23:45.043575+08:00
makoto,w,全體聊天室,2023-12-28 09:23:45.092593+08:00
53,lg,全體聊天室,2023-12-28 09:23:45.135743+08:00
陳冠傑,SD,全體聊天室,2023-12-28 09:23:45.166520+08:00
yii,1,全體聊天室,2023-12-28 09:23:45.201372+08:00
makoto,w,全體聊天室,2023-12-28 09:23:45.252438+08:00
53,dslg,全體聊天室,2023-12-28 09:23:45.348635+08:00
陳冠傑,DS,全體聊天室,2023-12-28 09:23:45.359733+08:00
宇辰1,TEW5,全體聊天室,2023-12-28 09:23:45.361630+08:00
王維彤,kqnfHFoJfnAsf,全體聊天室,2023-12-28 09:23:45.384166+08:00
makoto,w,全體聊天室,2023-12-28 09:23:45.420648+08:00
陳冠傑,DS,全體聊天室,2023-12-28 09:23:45.518335+08:00
53,ldsg,全體聊天室,2023-12-28 09:23:45.568392+08:00
makoto,w,全體聊天室,2023-12-28 09:23:45.582121+08:00
陳冠傑,SD,全體聊天室,2023-12-28 09:23:45.710908+08:00
makoto,w,全體聊天室,2023-12-28 09:23:45.752817+08:00
53,lds,全體聊天室,2023-12-28 09:23:45.771972+08:00
陳冠傑,SD,全體聊天室,2023-12-28 09:23:45.884535+08:00
makoto,w,全體聊天室,2023-12-28 09:23:45.918154+08:00
53,lgsdl,全體聊天室,2023-12-28 09:23:45.990599+08:00
陳冠傑,SD,全體聊天室,2023-12-28 09:23:46.088109+08:00
makoto,w,全體聊天室,2023-12-28 09:23:46.093092+08:00
makoto,w,全體聊天室,2023-12-28 09:23:46.260005+08:00
陳冠傑,SD,全體聊天室,2023-12-28 09:23:46.284629+08:00
53,gldsgl,全體聊天室,2023-12-28 09:23:46.344849+08:00
makoto,w,全體聊天室,2023-12-28 09:23:46.434505+08:00
陳冠傑,SD,全體聊天室,2023-12-28 09:23:46.451690+08:00
yii,1,全體聊天室,2023-12-28 09:23:46.552063+08:00
53,ds,全體聊天室,2023-12-28 09:23:46.570095+08:00
makoto,w,全體聊天室,2023-12-28 09:23:46.597594+08:00
陳冠傑,SD,全體聊天室,2023-12-28 09:23:46.626626+08:00
makoto,w,全體聊天室,2023-12-28 09:23:46.757643+08:00
53,gsd,全體聊天室,2023-12-28 09:23:46.766661+08:00
陳冠傑,SD,全體聊天室,2023-12-28 09:23:46.813059+08:00
makoto,w,全體聊天室,2023-12-28 09:23:46.938089+08:00
陳冠傑,S,全體聊天室,2023-12-28 09:23:46.979491+08:00
53,lgls,全體聊天室,2023-12-28 09:23:47.010130+08:00
makoto,w,全體聊天室,2023-12-28 09:23:47.078765+08:00
yii,1,全體聊天室,2023-12-28 09:23:47.119376+08:00
陳冠傑,DFG,全體聊天室,2023-12-28 09:23:47.163667+08:00
53,dgl,全體聊天室,2023-12-28 09:23:47.276510+08:00
53,sdlg,全體聊天室,2023-12-28 09:23:47.497256+08:00
yii,1,全體聊天室,2023-12-28 09:23:47.553171+08:00
陳冠傑,DDF,全體聊天室,2023-12-28 09:23:47.701716+08:00
53,lds,全體聊天室,2023-12-28 09:23:47.713125+08:00
yii,1,全體聊天室,2023-12-28 09:23:47.749632+08:00
makoto,afmkfsbhdjgkjfajd,全體聊天室,2023-12-28 09:23:47.752979+08:00
陳冠傑,FS,全體聊天室,2023-12-28 09:23:47.879893+08:00
王維彤,qfkqnfqihf,全體聊天室,2023-12-28 09:23:47.937774+08:00
yii,1,全體聊天室,2023-12-28 09:23:47.991662+08:00
陳冠傑,FD,全體聊天室,2023-12-28 09:23:48.037024+08:00
makoto,jkg,全體聊天室,2023-12-28 09:23:48.059587+08:00
yii,1,全體聊天室,2023-12-28 09:23:48.184511+08:00
宇辰1,K4K4K4K4K44K4K4KK4J,全體聊天室,2023-12-28 09:23:48.228699+08:00
yii,1,全體聊天室,2023-12-28 09:23:48.361212+08:00
宇辰1,J,全體聊天室,2023-12-28 09:23:48.389669+08:00
yii,1,全體聊天室,2023-12-28 09:23:48.537683+08:00
宇辰1,J,全體聊天室,2023-12-28 09:23:48.548919+08:00
makoto,adoJdfak,全體聊天室,2023-12-28 09:23:48.618935+08:00
宇辰1,J,全體聊天室,2023-12-28 09:23:48.707440+08:00
yii,11,全體聊天室,2023-12-28 09:23:48.722513+08:00
makoto,fdak,全體聊天室,2023-12-28 09:23:48.779676+08:00
宇辰1,J,全體聊天室,2023-12-28 09:23:48.873966+08:00
yii,1,全體聊天室,2023-12-28 09:23:48.887509+08:00
makoto,f,全體聊天室,2023-12-28 09:23:48.950056+08:00
宇辰1,J,全體聊天室,2023-12-28 09:23:49.016422+08:00
yii,1,全體聊天室,2023-12-28 09:23:49.044154+08:00
makoto,akds,全體聊天室,2023-12-28 09:23:49.099338+08:00
宇辰1,J,全體聊天室,2023-12-28 09:23:49.175606+08:00
yii,1,全體聊天室,2023-12-28 09:23:49.206720+08:00
makoto,kd,全體聊天室,2023-12-28 09:23:49.278706+08:00
宇辰1,J,全體聊天室,2023-12-28 09:23:49.334652+08:00
yii,1,全體聊天室,2023-12-28 09:23:49.409109+08:00
makoto,kfad,全體聊天室,2023-12-28 09:23:49.449280+08:00
53,gsdgsdgdsggdsgdsg,全體聊天室,2023-12-28 09:23:49.479148+08:00
宇辰1,J,全體聊天室,2023-12-28 09:23:49.501525+08:00
yii,1,全體聊天室,2023-12-28 09:23:49.620013+08:00
53,gd,全體聊天室,2023-12-28 09:23:49.643650+08:00
makoto,kfdak,全體聊天室,2023-12-28 09:23:49.650588+08:00
yii,1,全體聊天室,2023-12-28 09:23:49.779244+08:00
53,s,全體聊天室,2023-12-28 09:23:49.815176+08:00
makoto,fdk,全體聊天室,2023-12-28 09:23:49.829138+08:00
yii,1,全體聊天室,2023-12-28 09:23:49.953777+08:00
宇辰1,J,全體聊天室,2023-12-28 09:23:49.965773+08:00
53,g,全體聊天室,2023-12-28 09:23:49.989715+08:00
makoto,a[ofdk,全體聊天室,2023-12-28 09:23:49.991676+08:00
yii,1,全體聊天室,2023-12-28 09:23:50.124361+08:00
宇辰1,J,全體聊天室,2023-12-28 09:23:50.148257+08:00
makoto,[da,全體聊天室,2023-12-28 09:23:50.152275+08:00
53,dsgsd,全體聊天室,2023-12-28 09:23:50.296972+08:00
yii,1,全體聊天室,2023-12-28 09:23:50.299965+08:00
makoto,dksfjk,全體聊天室,2023-12-28 09:23:50.332935+08:00
53,g,全體聊天室,2023-12-28 09:23:50.450455+08:00
yii,11,全體聊天室,2023-12-28 09:23:50.526232+08:00
makoto,fhoja,全體聊天室,2023-12-28 09:23:50.532220+08:00
53,ds,全體聊天室,2023-12-28 09:23:50.632725+08:00
makoto,eef,全體聊天室,2023-12-28 09:23:50.702787+08:00
53,g,全體聊天室,2023-12-28 09:23:50.765080+08:00
makoto,jgadsj,全體聊天室,2023-12-28 09:23:50.867518+08:00
53,ds,全體聊天室,2023-12-28 09:23:50.939006+08:00
yii,11,全體聊天室,2023-12-28 09:23:51.034509+08:00
makoto,gdka,全體聊天室,2023-12-28 09:23:51.048031+08:00
53,g,全體聊天室,2023-12-28 09:23:51.094539+08:00
makoto,g,全體聊天室,2023-12-28 09:23:51.234388+08:00
yii,1,全體聊天室,2023-12-28 09:23:51.244363+08:00
53,ds,全體聊天室,2023-12-28 09:23:51.252861+08:00
53,g,全體聊天室,2023-12-28 09:23:51.422056+08:00
makoto,kaew,全體聊天室,2023-12-28 09:23:51.431056+08:00
53,ds,全體聊天室,2023-12-28 09:23:51.575903+08:00
makoto,dask,全體聊天室,2023-12-28 09:23:51.612687+08:00
yii,11,全體聊天室,2023-12-28 09:23:51.634784+08:00
53,g,全體聊天室,2023-12-28 09:23:51.704680+08:00
makoto,g,全體聊天室,2023-12-28 09:23:51.781973+08:00
yii,1,全體聊天室,2023-12-28 09:23:51.831586+08:00
53,ds,全體聊天室,2023-12-28 09:23:51.883160+08:00
T1,aqfwef,全體聊天室,2023-12-28 09:23:51.938262+08:00
makoto,gl,全體聊天室,2023-12-28 09:23:51.990186+08:00
yii,1,全體聊天室,2023-12-28 09:23:51.995161+08:00
53,g,全體聊天室,2023-12-28 09:23:52.002141+08:00
yii,11,全體聊天室,2023-12-28 09:23:52.161699+08:00
53,dsg,全體聊天室,2023-12-28 09:23:52.197568+08:00
makoto,das,全體聊天室,2023-12-28 09:23:52.205550+08:00
yii,1,全體聊天室,2023-12-28 09:23:52.300732+08:00
53,d,全體聊天室,2023-12-28 09:23:52.324538+08:00
makoto,gka,全體聊天室,2023-12-28 09:23:52.385437+08:00
yii,1,全體聊天室,2023-12-28 09:23:52.480063+08:00
53,g,全體聊天室,2023-12-28 09:23:52.498361+08:00
makoto,sg,全體聊天室,2023-12-28 09:23:52.562353+08:00
53,s,全體聊天室,2023-12-28 09:23:52.590338+08:00
yii,1,全體聊天室,2023-12-28 09:23:52.631840+08:00
makoto,l,全體聊天室,2023-12-28 09:23:52.738141+08:00
53,d,全體聊天室,2023-12-28 09:23:52.784348+08:00
makoto,l,全體聊天室,2023-12-28 09:23:52.987666+08:00
53,d,全體聊天室,2023-12-28 09:23:53.065608+08:00
makoto,asdl,全體聊天室,2023-12-28 09:23:53.219673+08:00
makoto,l,全體聊天室,2023-12-28 09:23:53.432502+08:00
yii,1,全體聊天室,2023-12-28 09:23:53.454537+08:00
53,gdgds,全體聊天室,2023-12-28 09:23:53.612108+08:00
makoto,adsl,全體聊天室,2023-12-28 09:23:53.618086+08:00
53,gs,全體聊天室,2023-12-28 09:23:53.810955+08:00
makoto,fla,全體聊天室,2023-12-28 09:23:53.840013+08:00
yii,11,全體聊天室,2023-12-28 09:23:53.853690+08:00
yii,1,全體聊天室,2023-12-28 09:23:53.988601+08:00
makoto,sdfl,全體聊天室,2023-12-28 09:23:54.060087+08:00
53,dgs,全體聊天室,2023-12-28 09:23:54.143751+08:00
yii,1,全體聊天室,2023-12-28 09:23:54.153890+08:00
makoto,alds,全體聊天室,2023-12-28 09:23:54.247785+08:00
yii,11,全體聊天室,2023-12-28 09:23:54.380219+08:00
makoto,fl,全體聊天室,2023-12-28 09:23:54.447983+08:00
T1,sfe,全體聊天室,2023-12-28 09:23:54.455993+08:00
53,dg,全體聊天室,2023-12-28 09:23:54.491300+08:00
yii,1,全體聊天室,2023-12-28 09:23:54.552214+08:00
makoto,adls,全體聊天室,2023-12-28 09:23:54.724997+08:00
yii,1,全體聊天室,2023-12-28 09:23:54.739367+08:00
makoto,fk,全體聊天室,2023-12-28 09:23:54.900908+08:00
yii,1,全體聊天室,2023-12-28 09:23:54.909883+08:00
53,sldlgs,全體聊天室,2023-12-28 09:23:55.018590+08:00
yii,1,全體聊天室,2023-12-28 09:23:55.066855+08:00
yii,1,全體聊天室,2023-12-28 09:23:55.219519+08:00
makoto,hrask,全體聊天室,2023-12-28 09:23:55.220545+08:00
53,ll,全體聊天室,2023-12-28 09:23:55.338530+08:00
yii,1,全體聊天室,2023-12-28 09:23:55.419607+08:00
makoto,df,全體聊天室,2023-12-28 09:23:55.447357+08:00
53,lds,全體聊天室,2023-12-28 09:23:55.537256+08:00
王維彤,qioo,全體聊天室,2023-12-28 09:23:55.546232+08:00
yii,1,全體聊天室,2023-12-28 09:23:55.582903+08:00
yii,11,全體聊天室,2023-12-28 09:23:55.745772+08:00
T1,f,全體聊天室,2023-12-28 09:23:55.851115+08:00
53,lgdl,全體聊天室,2023-12-28 09:23:55.889377+08:00
yii,1,全體聊天室,2023-12-28 09:23:55.916937+08:00
宇辰2,K5,全體聊天室,2023-12-28 09:23:55.973401+08:00
53,l,全體聊天室,2023-12-28 09:23:56.021125+08:00
yii,1,全體聊天室,2023-12-28 09:23:56.102457+08:00
makoto,s;,全體聊天室,2023-12-28 09:23:56.134518+08:00
宇辰2,5K,全體聊天室,2023-12-28 09:23:56.146110+08:00
T1,f,全體聊天室,2023-12-28 09:23:56.153056+08:00
yii,1,全體聊天室,2023-12-28 09:23:56.254653+08:00
宇辰2,5K,全體聊天室,2023-12-28 09:23:56.322069+08:00
makoto,;,全體聊天室,2023-12-28 09:23:56.412222+08:00
宇辰2,5K,全體聊天室,2023-12-28 09:23:56.484297+08:00
宇辰2,5K,全體聊天室,2023-12-28 09:23:56.658151+08:00
宇辰2,5K,全體聊天室,2023-12-28 09:23:56.827018+08:00
宇辰2,5K5,全體聊天室,2023-12-28 09:23:57.004963+08:00
T1,f,全體聊天室,2023-12-28 09:23:57.076210+08:00
宇辰2,K5,全體聊天室,2023-12-28 09:23:57.177216+08:00
宇辰2,K5,全體聊天室,2023-12-28 09:23:57.358720+08:00
宇辰2,5K,全體聊天室,2023-12-28 09:23:57.518114+08:00
makoto,;;;;;;;;;;;;;;,全體聊天室,2023-12-28 09:23:57.708552+08:00
makoto,l,全體聊天室,2023-12-28 09:24:03.167591+08:00
makoto,ll,全體聊天室,2023-12-28 09:24:05.394174+08:00
士,!^@#%^$!%^@$#!@#,全體聊天室,2023-12-28 09:24:06.140387+08:00
makoto,ll,全體聊天室,2023-12-28 09:24:08.006224+08:00
makoto,ll,全體聊天室,2023-12-28 09:24:09.494142+08:00
士,GBWDU@#*&%!&(^@%#!@#^!&^(@^#&@!(*!%@V^#%$&@$#,全體聊天室,2023-12-28 09:24:11.546037+08:00
makoto,ll,全體聊天室,2023-12-28 09:24:11.829281+08:00
makoto,asdfgok,全體聊天室,2023-12-28 09:24:13.067975+08:00
makoto,asdl,全體聊天室,2023-12-28 09:24:13.489471+08:00
makoto,fasd,全體聊天室,2023-12-28 09:24:13.801189+08:00
makoto,asd,全體聊天室,2023-12-28 09:24:14.097212+08:00
makoto,asdf,全體聊天室,2023-12-28 09:24:14.327301+08:00
makoto,sd,全體聊天室,2023-12-28 09:24:14.454632+08:00
makoto,f,全體聊天室,2023-12-28 09:24:14.592436+08:00
makoto,sdfg,全體聊天室,2023-12-28 09:24:14.744712+08:00
makoto,df,全體聊天室,2023-12-28 09:24:15.177551+08:00
ctwen5,asdf,全體聊天室,2023-12-28 09:24:15.335775+08:00
士,][]]][\[!@)#(!@#!@#{}ECW{CW:}C|?LK!OU)!*&#&nbsp;(!@#&!%R#*%!*R%!DV@E*DTF!@*^D%RV@#&^!%#$*!^%(B!@*&@,全體聊天室,2023-12-28 09:24:24.436001+08:00
ˊˇ,ahuhrwrw,全體聊天室,2023-12-28 09:24:31.590038+08:00
ˊˇ,r,全體聊天室,2023-12-28 09:24:31.788077+08:00
ˊˇ,we,全體聊天室,2023-12-28 09:24:31.988041+08:00
ˊˇ,r,全體聊天室,2023-12-28 09:24:32.164026+08:00
ˊˇ,ew,全體聊天室,2023-12-28 09:24:32.343397+08:00
ˊˇ,rwerew,全體聊天室,2023-12-28 09:24:32.877524+08:00
ˊˇ,rew,全體聊天室,2023-12-28 09:24:33.083957+08:00
ˊˇ,rew,全體聊天室,2023-12-28 09:24:33.265547+08:00
ˊˇ,erew,全體聊天室,2023-12-28 09:24:33.657214+08:00
ˊˇ,rewe,全體聊天室,2023-12-28 09:24:34.018243+08:00
ˊˇ,r,全體聊天室,2023-12-28 09:24:34.172938+08:00
ˊˇ,er,全體聊天室,2023-12-28 09:24:34.327498+08:00
ˊˇ,wer,全體聊天室,2023-12-28 09:24:34.502304+08:00
ˊˇ,er,全體聊天室,2023-12-28 09:24:34.674819+08:00
ˊˇ,er,全體聊天室,2023-12-28 09:24:34.857011+08:00
ˊˇ,er,全體聊天室,2023-12-28 09:24:35.055662+08:00
ˊˇ,re,全體聊天室,2023-12-28 09:24:35.234195+08:00
ˊˇ,re,全體聊天室,2023-12-28 09:24:35.393819+08:00
0000,dsds,全體聊天室,2023-12-28 09:24:35.578098+08:00
ˊˇ,r,全體聊天室,2023-12-28 09:24:35.599428+08:00
ˊˇ,w,全體聊天室,2023-12-28 09:24:35.767572+08:00
ˊˇ,t,全體聊天室,2023-12-28 09:24:35.987127+08:00
ˊˇ,ew,全體聊天室,2023-12-28 09:24:36.165137+08:00
ˊˇ,g,全體聊天室,2023-12-28 09:24:36.320211+08:00
0000,sdsdk,全體聊天室,2023-12-28 09:24:36.488305+08:00
ˊˇ,gds,全體聊天室,2023-12-28 09:24:36.516026+08:00
ˊˇ,g,全體聊天室,2023-12-28 09:24:36.675450+08:00
ˊˇ,dsg,全體聊天室,2023-12-28 09:24:36.843286+08:00
ˊˇ,da,全體聊天室,2023-12-28 09:24:37.025280+08:00
0000,fdsf;d,全體聊天室,2023-12-28 09:24:37.081118+08:00
ˊˇ,fhdf,全體聊天室,2023-12-28 09:24:37.357438+08:00
ˊˇ,hf,全體聊天室,2023-12-28 09:24:37.531833+08:00
0000,fdfds,全體聊天室,2023-12-28 09:24:37.673074+08:00
ˊˇ,dh,全體聊天室,2023-12-28 09:24:37.711230+08:00
ˊˇ,adh,全體聊天室,2023-12-28 09:24:37.891346+08:00
0000,ldfs;,全體聊天室,2023-12-28 09:24:38.192010+08:00
ˊˇ,fhhfl,全體聊天室,2023-12-28 09:24:38.359490+08:00
ˊˇ,fhd,全體聊天室,2023-12-28 09:24:38.527757+08:00
ˊˇ,lgf,全體聊天室,2023-12-28 09:24:38.776530+08:00
ˊˇ,gfd,全體聊天室,2023-12-28 09:24:38.968017+08:00
0000,fd;fd;fd;f,全體聊天室,2023-12-28 09:24:38.982919+08:00
ˊˇ,g,全體聊天室,2023-12-28 09:24:39.142293+08:00
ˊˇ,l,全體聊天室,2023-12-28 09:24:39.291591+08:00
ˊˇ,l,全體聊天室,2023-12-28 09:24:39.477008+08:00
ˊˇ,l,全體聊天室,2023-12-28 09:24:39.610608+08:00
ˊˇ,ll,全體聊天室,2023-12-28 09:24:40.335604+08:00
0000,s,全體聊天室,2023-12-28 09:24:40.451775+08:00
ˊˇ,l,全體聊天室,2023-12-28 09:24:40.561673+08:00
0000,fd,全體聊天室,2023-12-28 09:24:40.691016+08:00
ˊˇ,l,全體聊天室,2023-12-28 09:24:40.726583+08:00
ˊˇ,l,全體聊天室,2023-12-28 09:24:40.911550+08:00
0000,ff,全體聊天室,2023-12-28 09:24:40.975934+08:00
ˊˇ,l,全體聊天室,2023-12-28 09:24:41.093539+08:00
0000,f,全體聊天室,2023-12-28 09:24:41.204099+08:00
ˊˇ,l,全體聊天室,2023-12-28 09:24:41.258304+08:00
ˊˇ,l,全體聊天室,2023-12-28 09:24:41.390642+08:00
0000,f,全體聊天室,2023-12-28 09:24:41.438356+08:00
ˊˇ,l,全體聊天室,2023-12-28 09:24:41.528928+08:00
ˊˇ,l,全體聊天室,2023-12-28 09:24:41.663306+08:00
ˊˇ,l,全體聊天室,2023-12-28 09:24:41.781736+08:00
ˊˇ,l,全體聊天室,2023-12-28 09:24:41.910738+08:00
0000,ff,全體聊天室,2023-12-28 09:24:42.116990+08:00
ˊˇ,ll,全體聊天室,2023-12-28 09:24:42.179821+08:00
ˊˇ,l,全體聊天室,2023-12-28 09:24:42.267181+08:00
0000,f,全體聊天室,2023-12-28 09:24:42.375956+08:00
ˊˇ,l,全體聊天室,2023-12-28 09:24:42.398368+08:00
ˊˇ,l,全體聊天室,2023-12-28 09:24:42.528840+08:00
0000,f,全體聊天室,2023-12-28 09:24:42.633143+08:00
ˊˇ,l,全體聊天室,2023-12-28 09:24:42.672070+08:00
ˊˇ,l,全體聊天室,2023-12-28 09:24:42.781963+08:00
0000,f,全體聊天室,2023-12-28 09:24:42.851026+08:00
ˊˇ,lllll,全體聊天室,2023-12-28 09:24:43.485371+08:00
0000,d,全體聊天室,2023-12-28 09:24:43.685470+08:00
ˊˇ,l,全體聊天室,2023-12-28 09:24:43.725965+08:00
test,iodheg,全體聊天室,2023-12-28 09:24:43.818500+08:00
0000,f,全體聊天室,2023-12-28 09:24:43.938969+08:00
ˊˇ,l,全體聊天室,2023-12-28 09:24:43.986017+08:00
0000,f,全體聊天室,2023-12-28 09:24:44.221269+08:00
ˊˇ,ll,全體聊天室,2023-12-28 09:24:44.228233+08:00
0000,f,全體聊天室,2023-12-28 09:24:44.483390+08:00
0000,f,全體聊天室,2023-12-28 09:24:44.686580+08:00
0000,f,全體聊天室,2023-12-28 09:24:44.925910+08:00
0000,f,全體聊天室,2023-12-28 09:24:45.117997+08:00
ˊˇ,ewewew,全體聊天室,2023-12-28 09:24:45.542773+08:00
ˊˇ,et,全體聊天室,2023-12-28 09:24:46.031501+08:00
王維彤,asfAfsas,全體聊天室,2023-12-28 09:24:46.620478+08:00
宇辰3,',全體聊天室,2023-12-28 09:24:47.786620+08:00
宇辰3,',全體聊天室,2023-12-28 09:24:48.010893+08:00
宇辰3,',全體聊天室,2023-12-28 09:24:48.173645+08:00
宇辰3,',全體聊天室,2023-12-28 09:24:48.307279+08:00
宇辰3,',全體聊天室,2023-12-28 09:24:48.450226+08:00
宇辰3,',全體聊天室,2023-12-28 09:24:48.607024+08:00
宇辰3,',全體聊天室,2023-12-28 09:24:48.767041+08:00
宇辰3,',全體聊天室,2023-12-28 09:24:48.878709+08:00
宇辰3,',全體聊天室,2023-12-28 09:24:49.013681+08:00
宇辰3,',全體聊天室,2023-12-28 09:24:49.147835+08:00
宇辰3,',全體聊天室,2023-12-28 09:24:49.281969+08:00
宇辰3,',全體聊天室,2023-12-28 09:24:49.422320+08:00
宇辰3,',全體聊天室,2023-12-28 09:24:49.566326+08:00
test,sdasdawfqwfa,全體聊天室,2023-12-28 09:24:49.587120+08:00
宇辰3,',全體聊天室,2023-12-28 09:24:49.695361+08:00
宇辰3,',全體聊天室,2023-12-28 09:24:49.823501+08:00
宇辰3,',全體聊天室,2023-12-28 09:24:49.985405+08:00
宇辰3,',全體聊天室,2023-12-28 09:24:50.125831+08:00
宇辰3,',全體聊天室,2023-12-28 09:24:50.247758+08:00
0000,fffd,全體聊天室,2023-12-28 09:24:50.366733+08:00
宇辰3,',全體聊天室,2023-12-28 09:24:50.389398+08:00
宇辰3,',全體聊天室,2023-12-28 09:24:50.533831+08:00
宇辰3,',全體聊天室,2023-12-28 09:24:50.675100+08:00
宇辰3,',全體聊天室,2023-12-28 09:24:50.793312+08:00
宇辰3,',全體聊天室,2023-12-28 09:24:50.940577+08:00
宇辰3,',全體聊天室,2023-12-28 09:24:51.077892+08:00
宇辰3,',全體聊天室,2023-12-28 09:24:51.218190+08:00
宇辰3,',全體聊天室,2023-12-28 09:24:51.352469+08:00
0000,ff,全體聊天室,2023-12-28 09:24:51.438185+08:00
宇辰3,',全體聊天室,2023-12-28 09:24:51.475439+08:00
宇辰3,',全體聊天室,2023-12-28 09:24:51.607873+08:00
宇辰3,',全體聊天室,2023-12-28 09:24:51.770656+08:00
宇辰3,',全體聊天室,2023-12-28 09:24:51.920909+08:00
宇辰3,',全體聊天室,2023-12-28 09:24:52.017618+08:00
0000,f,全體聊天室,2023-12-28 09:24:52.167909+08:00
宇辰3,',全體聊天室,2023-12-28 09:24:52.184653+08:00
宇辰3,',全體聊天室,2023-12-28 09:24:52.322347+08:00
0000,f,全體聊天室,2023-12-28 09:24:52.416327+08:00
宇辰3,',全體聊天室,2023-12-28 09:24:52.468101+08:00
宇辰3,',全體聊天室,2023-12-28 09:24:52.616011+08:00
0000,f,全體聊天室,2023-12-28 09:24:52.704028+08:00
宇辰3,',全體聊天室,2023-12-28 09:24:52.742538+08:00
王維彤,aasasfasfac,全體聊天室,2023-12-28 09:24:52.817573+08:00
宇辰3,',全體聊天室,2023-12-28 09:24:52.916792+08:00
0000,ff,全體聊天室,2023-12-28 09:24:52.967722+08:00
宇辰3,',全體聊天室,2023-12-28 09:24:53.069083+08:00
宇辰3,',全體聊天室,2023-12-28 09:24:53.185355+08:00
0000,f,全體聊天室,2023-12-28 09:24:53.188205+08:00
宇辰3,',全體聊天室,2023-12-28 09:24:53.327378+08:00
0000,f,全體聊天室,2023-12-28 09:24:53.406586+08:00
宇辰3,',全體聊天室,2023-12-28 09:24:53.483743+08:00
宇辰3,',全體聊天室,2023-12-28 09:24:53.645970+08:00
0000,f,全體聊天室,2023-12-28 09:24:53.661813+08:00
宇辰3,',全體聊天室,2023-12-28 09:24:53.798420+08:00
0000,f,全體聊天室,2023-12-28 09:24:53.911573+08:00
宇辰3,',全體聊天室,2023-12-28 09:24:53.937937+08:00
宇辰3,',全體聊天室,2023-12-28 09:24:54.053830+08:00
宇辰3,',全體聊天室,2023-12-28 09:24:54.235733+08:00
宇辰3,',全體聊天室,2023-12-28 09:24:54.376508+08:00
宇辰3,',全體聊天室,2023-12-28 09:24:54.523867+08:00
宇辰3,',全體聊天室,2023-12-28 09:24:54.647104+08:00
宇辰3,',全體聊天室,2023-12-28 09:24:54.784945+08:00
宇辰3,',全體聊天室,2023-12-28 09:24:54.957460+08:00
宇辰3,',全體聊天室,2023-12-28 09:24:55.085364+08:00
宇辰3,',全體聊天室,2023-12-28 09:24:55.221679+08:00
宇辰3,',全體聊天室,2023-12-28 09:24:55.399581+08:00
宇辰3,',全體聊天室,2023-12-28 09:24:55.521369+08:00
宇辰3,',全體聊天室,2023-12-28 09:24:55.698154+08:00
宇辰3,',全體聊天室,2023-12-28 09:24:55.843893+08:00
宇辰3,',全體聊天室,2023-12-28 09:24:56.013840+08:00
宇辰3,',全體聊天室,2023-12-28 09:24:56.155278+08:00
宇辰3,',全體聊天室,2023-12-28 09:24:56.310414+08:00
宇辰3,',全體聊天室,2023-12-28 09:24:56.460760+08:00
宇辰3,',全體聊天室,2023-12-28 09:24:56.583961+08:00
宇辰3,',全體聊天室,2023-12-28 09:24:56.746910+08:00
宇辰3,',全體聊天室,2023-12-28 09:24:56.941183+08:00
宇辰3,',全體聊天室,2023-12-28 09:24:57.133154+08:00
宇辰3,',全體聊天室,2023-12-28 09:24:57.264087+08:00
宇辰3,',全體聊天室,2023-12-28 09:24:57.447673+08:00
makoto,21as32d1a32121,全體聊天室,2023-12-28 09:24:58.420368+08:00
宇辰3,0',全體聊天室,2023-12-28 09:25:00.605695+08:00
宇辰3,',全體聊天室,2023-12-28 09:25:00.776482+08:00
宇辰3,',全體聊天室,2023-12-28 09:25:00.896163+08:00
宇辰3,',全體聊天室,2023-12-28 09:25:01.063686+08:00
宇辰3,',全體聊天室,2023-12-28 09:25:01.193037+08:00
宇辰3,',全體聊天室,2023-12-28 09:25:01.353356+08:00
makoto,12d,全體聊天室,2023-12-28 09:25:01.380483+08:00
宇辰3,',全體聊天室,2023-12-28 09:25:01.487814+08:00
宇辰3,',全體聊天室,2023-12-28 09:25:01.646940+08:00
宇辰3,',全體聊天室,2023-12-28 09:25:01.793605+08:00
makoto,12d,全體聊天室,2023-12-28 09:25:01.801616+08:00
宇辰3,',全體聊天室,2023-12-28 09:25:01.948878+08:00
makoto,132,全體聊天室,2023-12-28 09:25:02.063792+08:00
宇辰3,',全體聊天室,2023-12-28 09:25:02.101509+08:00
宇辰3,',全體聊天室,2023-12-28 09:25:02.225131+08:00
makoto,fwr,全體聊天室,2023-12-28 09:25:02.287749+08:00
宇辰3,',全體聊天室,2023-12-28 09:25:02.379321+08:00
makoto,t4,全體聊天室,2023-12-28 09:25:02.492350+08:00
宇辰3,',全體聊天室,2023-12-28 09:25:02.529741+08:00
宇辰3,',全體聊天室,2023-12-28 09:25:02.699027+08:00
宇辰3,',全體聊天室,2023-12-28 09:25:02.815902+08:00
makoto,s5yfdb,全體聊天室,2023-12-28 09:25:03.027864+08:00
宇辰3,'',全體聊天室,2023-12-28 09:25:03.129476+08:00
宇辰3,',全體聊天室,2023-12-28 09:25:03.270469+08:00
makoto,dfsg,全體聊天室,2023-12-28 09:25:03.394781+08:00
宇辰3,',全體聊天室,2023-12-28 09:25:03.419106+08:00
宇辰3,',全體聊天室,2023-12-28 09:25:03.565693+08:00
makoto,fdsg,全體聊天室,2023-12-28 09:25:03.649558+08:00
宇辰3,',全體聊天室,2023-12-28 09:25:03.717913+08:00
makoto,sfh,全體聊天室,2023-12-28 09:25:03.793899+08:00
宇辰3,',全體聊天室,2023-12-28 09:25:03.879782+08:00
宇辰3,',全體聊天室,2023-12-28 09:25:04.031246+08:00
makoto,df,全體聊天室,2023-12-28 09:25:04.047444+08:00
宇辰3,',全體聊天室,2023-12-28 09:25:04.148784+08:00
makoto,sg,全體聊天室,2023-12-28 09:25:04.242548+08:00
宇辰3,',全體聊天室,2023-12-28 09:25:04.347441+08:00
makoto,dsfg,全體聊天室,2023-12-28 09:25:04.422884+08:00
宇辰3,',全體聊天室,2023-12-28 09:25:04.494877+08:00
makoto,sdf,全體聊天室,2023-12-28 09:25:04.560471+08:00
宇辰3,',全體聊天室,2023-12-28 09:25:04.670548+08:00
makoto,g,全體聊天室,2023-12-28 09:25:04.735842+08:00
宇辰3,',全體聊天室,2023-12-28 09:25:04.864971+08:00
makoto,sfdg,全體聊天室,2023-12-28 09:25:04.882828+08:00
宇辰3,',全體聊天室,2023-12-28 09:25:05.351528+08:00
makoto,dfs,全體聊天室,2023-12-28 09:25:05.417686+08:00
宇辰3,',全體聊天室,2023-12-28 09:25:05.547155+08:00
宇辰3,'',全體聊天室,2023-12-28 09:25:05.738555+08:00
test,ssfgdhcfuvliy;l5,全體聊天室,2023-12-28 09:25:05.741550+08:00
makoto,dfg,全體聊天室,2023-12-28 09:25:05.852934+08:00
宇辰3,',全體聊天室,2023-12-28 09:25:05.931843+08:00
makoto,sdfg,全體聊天室,2023-12-28 09:25:06.025090+08:00
宇辰3,',全體聊天室,2023-12-28 09:25:06.129871+08:00
makoto,dsf,全體聊天室,2023-12-28 09:25:06.159072+08:00
宇辰3,',全體聊天室,2023-12-28 09:25:06.326917+08:00
makoto,g,全體聊天室,2023-12-28 09:25:06.334135+08:00
宇辰3,',全體聊天室,2023-12-28 09:25:06.519916+08:00
makoto,sdfg,全體聊天室,2023-12-28 09:25:06.542597+08:00
makoto,sdfg,全體聊天室,2023-12-28 09:25:06.734925+08:00
makoto,sdf,全體聊天室,2023-12-28 09:25:06.927777+08:00
makoto,g,全體聊天室,2023-12-28 09:25:07.069780+08:00
makoto,dsfg,全體聊天室,2023-12-28 09:25:07.214792+08:00
makoto,dsfg,全體聊天室,2023-12-28 09:25:07.385116+08:00
makoto,d,全體聊天室,2023-12-28 09:25:07.544301+08:00
makoto,fg,全體聊天室,2023-12-28 09:25:07.712342+08:00
makoto,dfg,全體聊天室,2023-12-28 09:25:07.874727+08:00
makoto,d,全體聊天室,2023-12-28 09:25:08.042766+08:00
makoto,fg,全體聊天室,2023-12-28 09:25:08.212789+08:00
makoto,dfg,全體聊天室,2023-12-28 09:25:08.379566+08:00
makoto,d,全體聊天室,2023-12-28 09:25:08.559835+08:00
makoto,fg,全體聊天室,2023-12-28 09:25:08.717648+08:00
makoto,dfg,全體聊天室,2023-12-28 09:25:08.886958+08:00
T1,wdwd,7,2023-12-28 09:25:08.989758+08:00
makoto,df,全體聊天室,2023-12-28 09:25:09.046407+08:00
makoto,g,全體聊天室,2023-12-28 09:25:09.204002+08:00
ct2,kjl;,全體聊天室,2023-12-28 09:25:09.347860+08:00
makoto,dfg,全體聊天室,2023-12-28 09:25:09.360839+08:00
makoto,dfg,全體聊天室,2023-12-28 09:25:09.527767+08:00
makoto,d,全體聊天室,2023-12-28 09:25:09.684072+08:00
makoto,fg,全體聊天室,2023-12-28 09:25:09.841659+08:00
makoto,fad,全體聊天室,2023-12-28 09:25:09.987154+08:00
makoto,dsf,全體聊天室,2023-12-28 09:25:10.179096+08:00
T1,dwdwddw,7,2023-12-28 09:25:10.592261+08:00
ˊˇ,te,全體聊天室,2023-12-28 09:25:10.677507+08:00
makoto,gff,全體聊天室,2023-12-28 09:25:10.974939+08:00
makoto,gfh,全體聊天室,2023-12-28 09:25:11.129619+08:00
makoto,fg,全體聊天室,2023-12-28 09:25:11.291871+08:00
makoto,h,全體聊天室,2023-12-28 09:25:11.437986+08:00
makoto,fgh,全體聊天室,2023-12-28 09:25:11.582909+08:00
user,saadfa,全體聊天室,2023-12-28 09:25:11.633612+08:00
makoto,f,全體聊天室,2023-12-28 09:25:11.714227+08:00
makoto,gh,全體聊天室,2023-12-28 09:25:11.879971+08:00
makoto,fgh,全體聊天室,2023-12-28 09:25:12.037746+08:00
test,6qfasfasf,全體聊天室,2023-12-28 09:25:12.130534+08:00
makoto,f,全體聊天室,2023-12-28 09:25:12.189951+08:00
makoto,gh,全體聊天室,2023-12-28 09:25:12.359338+08:00
makoto,fhg,全體聊天室,2023-12-28 09:25:12.539918+08:00
makoto,fgh,全體聊天室,2023-12-28 09:25:13.089616+08:00
user,adfa,全體聊天室,2023-12-28 09:25:13.132463+08:00
makoto,fg,全體聊天室,2023-12-28 09:25:13.254710+08:00
王維彤,afasfdsgwgwhwh,全體聊天室,2023-12-28 09:25:13.321650+08:00
makoto,hf,全體聊天室,2023-12-28 09:25:13.441128+08:00
makoto,gh,全體聊天室,2023-12-28 09:25:13.620077+08:00
makoto,fgh,全體聊天室,2023-12-28 09:25:13.784655+08:00
makoto,fg,全體聊天室,2023-12-28 09:25:13.969228+08:00
makoto,h,全體聊天室,2023-12-28 09:25:14.144191+08:00
makoto,fgh,全體聊天室,2023-12-28 09:25:14.329913+08:00
T1,dwdddd,全體聊天室,2023-12-28 09:25:16.342284+08:00
makoto,gh,全體聊天室,2023-12-28 09:25:17.012665+08:00
ct,da;sdj,全體聊天室,2023-12-28 09:25:23.954845+08:00
test,zegdsvzsjtxkcuvi,全體聊天室,2023-12-28 09:25:25.396923+08:00
王維彤,ffzdhskldti;,全體聊天室,2023-12-28 09:25:27.070850+08:00
王維彤,jyxdhzrsgefawdQ,全體聊天室,2023-12-28 09:25:28.830895+08:00
test,WAFGDSHFGJHKGJ,全體聊天室,2023-12-28 09:25:31.410528+08:00
admin,ohohohohoh,全體聊天室,2023-12-28 09:25:56.434920+08:00
冠傑1,',全體聊天室,2023-12-28 09:25:57.829343+08:00
冠傑1,',全體聊天室,2023-12-28 09:25:57.967872+08:00
冠傑1,'''''''',全體聊天室,2023-12-28 09:25:59.740048+08:00
冠傑1,',全體聊天室,2023-12-28 09:26:00.043006+08:00
冠傑1,'''',全體聊天室,2023-12-28 09:26:00.703254+08:00
冠傑1,',全體聊天室,2023-12-28 09:26:00.882313+08:00
冠傑1,'',全體聊天室,2023-12-28 09:26:01.529031+08:00
冠傑1,',全體聊天室,2023-12-28 09:26:01.696877+08:00
冠傑1,',全體聊天室,2023-12-28 09:26:01.908216+08:00
冠傑1,',全體聊天室,2023-12-28 09:26:02.097427+08:00
冠傑1,',全體聊天室,2023-12-28 09:26:02.294378+08:00
冠傑1,',全體聊天室,2023-12-28 09:26:02.489577+08:00
冠傑1,',全體聊天室,2023-12-28 09:26:02.685856+08:00
冠傑1,',全體聊天室,2023-12-28 09:26:02.876419+08:00
冠傑1,',全體聊天室,2023-12-28 09:26:03.072089+08:00
冠傑1,',全體聊天室,2023-12-28 09:26:03.257916+08:00
ct,asdf,14,2023-12-28 09:26:03.415018+08:00
冠傑1,',全體聊天室,2023-12-28 09:26:03.457061+08:00
冠傑1,',全體聊天室,2023-12-28 09:26:03.642823+08:00
冠傑1,',全體聊天室,2023-12-28 09:26:03.837579+08:00
冠傑1,',全體聊天室,2023-12-28 09:26:04.018419+08:00
冠傑1,',全體聊天室,2023-12-28 09:26:04.212292+08:00
冠傑1,',全體聊天室,2023-12-28 09:26:04.430977+08:00
冠傑1,',全體聊天室,2023-12-28 09:26:04.682338+08:00
ct,ddddddddddddddddddddddddd,14,2023-12-28 09:26:05.166573+08:00
冠傑1,'',全體聊天室,2023-12-28 09:26:05.179607+08:00
冠傑1,''4,全體聊天室,2023-12-28 09:26:05.664236+08:00
冠傑1,'4'4,全體聊天室,2023-12-28 09:26:06.218493+08:00
冠傑1,44,全體聊天室,2023-12-28 09:26:06.638304+08:00
冠傑1,4,全體聊天室,2023-12-28 09:26:06.858389+08:00
admin,yeeeeeeee,全體聊天室,2023-12-28 09:26:07.869934+08:00
冠傑1,4'4''4,全體聊天室,2023-12-28 09:26:07.881900+08:00
T1,ssss,全體聊天室,2023-12-28 09:26:08.194367+08:00
冠傑1,'4'4,全體聊天室,2023-12-28 09:26:08.391896+08:00
T1,ss,全體聊天室,2023-12-28 09:26:08.821723+08:00
T1,s,全體聊天室,2023-12-28 09:26:09.224082+08:00
T1,ss,全體聊天室,2023-12-28 09:26:09.561732+08:00
T1,s,全體聊天室,2023-12-28 09:26:09.782156+08:00
T1,s,全體聊天室,2023-12-28 09:26:09.968544+08:00
T1,s,全體聊天室,2023-12-28 09:26:10.135980+08:00
T1,s,全體聊天室,2023-12-28 09:26:11.098582+08:00
T1,s,全體聊天室,2023-12-28 09:26:11.265139+08:00
冠傑1,'4'4'4'4'4'4'4'4'4'4'4'4',全體聊天室,2023-12-28 09:26:12.618740+08:00
冠傑1,4',全體聊天室,2023-12-28 09:26:12.925092+08:00
冠傑1,4',全體聊天室,2023-12-28 09:26:13.311823+08:00
o,d,全體聊天室,2023-12-28 09:26:13.427552+08:00
冠傑1,4',全體聊天室,2023-12-28 09:26:13.642659+08:00
冠傑1,4',全體聊天室,2023-12-28 09:26:13.984754+08:00
o,d,全體聊天室,2023-12-28 09:26:14.006140+08:00
冠傑1,4',全體聊天室,2023-12-28 09:26:14.352234+08:00
T1,s,全體聊天室,2023-12-28 09:26:14.362202+08:00
o,d,全體聊天室,2023-12-28 09:26:14.365969+08:00
o,d,全體聊天室,2023-12-28 09:26:14.657349+08:00
T1,s,全體聊天室,2023-12-28 09:26:14.700382+08:00
冠傑1,4',全體聊天室,2023-12-28 09:26:14.809217+08:00
T1,s,全體聊天室,2023-12-28 09:26:14.877293+08:00
o,dd,全體聊天室,2023-12-28 09:26:14.983156+08:00
冠傑1,4',全體聊天室,2023-12-28 09:26:15.230468+08:00
o,d,全體聊天室,2023-12-28 09:26:15.250656+08:00
o,d,全體聊天室,2023-12-28 09:26:15.570401+08:00
冠傑1,4'4',全體聊天室,2023-12-28 09:26:15.949941+08:00
T1,a,全體聊天室,2023-12-28 09:26:16.043773+08:00
冠傑1,4',全體聊天室,2023-12-28 09:26:16.332384+08:00
T1,aa,全體聊天室,2023-12-28 09:26:16.346648+08:00
冠傑1,4',全體聊天室,2023-12-28 09:26:16.649823+08:00
士,"5}S9/s2ZB2-}J0no&nbsp;Fbegj#e^[7vV&1c/&nbsp;Q:Bd)&lt;I#O*RKo1$[&nbsp;Y~|L&d6vHCQx&,Y7&nbsp;jJi&gt;N:cvi6h`BSlH&nbsp;o&gt;AsNS\x.i&gt;L&gt;}ry&nbsp;x6TD8it(I&lt;V?RKEV&nbsp;&)+o&Q(sfCj:{U-1&nbsp;\y*cO3,h=j}`+ck@&nbsp;}\v2N$3L(,/9%-1d",全體聊天室,2023-12-28 09:26:17.375811+08:00
冠傑1,4'4',全體聊天室,2023-12-28 09:26:17.442995+08:00
T1,sqd,全體聊天室,2023-12-28 09:26:18.336505+08:00
T1,qwd,全體聊天室,2023-12-28 09:26:18.795066+08:00
admin,&lt;a&gt;,全體聊天室,2023-12-28 09:26:18.986770+08:00
凱,"5}S9/s2ZB2-}J0no&nbsp;Fbegj#e^[7vV&1c/&nbsp;Q:Bd)&lt;I#O*RKo1$[&nbsp;Y~|L&d6vHCQx&,Y7&nbsp;jJi&gt;N:cvi6h`BSlH&nbsp;o&gt;AsNS\x.i&gt;L&gt;}ry&nbsp;x6TD8it(I&lt;V?RKEV&nbsp;&)+o&Q(sfCj:{U-1&nbsp;\y*cO3,h=j}`+ck@&nbsp;}\v2N$3L(,/9%-1d",全體聊天室,2023-12-28 09:26:19.149054+08:00
o,d,全體聊天室,2023-12-28 09:26:19.411223+08:00
o,d,全體聊天室,2023-12-28 09:26:19.827516+08:00
冠傑1,4'4'4'4'4'4,全體聊天室,2023-12-28 09:26:20.073492+08:00
o,d,全體聊天室,2023-12-28 09:26:20.122740+08:00
o,d,全體聊天室,2023-12-28 09:26:20.478394+08:00
o,d,全體聊天室,2023-12-28 09:26:20.894206+08:00
戴士凱,"5}S9/s2ZB2-}J0no&nbsp;Fbegj#e^[7vV&1c/&nbsp;Q:Bd)&lt;I#O*RKo1$[&nbsp;Y~|L&d6vHCQx&,Y7&nbsp;jJi&gt;N:cvi6h`BSlH&nbsp;o&gt;AsNS\x.i&gt;L&gt;}ry&nbsp;x6TD8it(I&lt;V?RKEV&nbsp;&)+o&Q(sfCj:{U-1&nbsp;\y*cO3,h=j}`+ck@&nbsp;}\v2N$3L(,/9%-1d",全體聊天室,2023-12-28 09:26:21.227380+08:00
冠傑1,'4'4'4,全體聊天室,2023-12-28 09:26:21.924470+08:00
o,d,全體聊天室,2023-12-28 09:26:22.241166+08:00
o,d,全體聊天室,2023-12-28 09:26:22.613204+08:00
o,d,全體聊天室,2023-12-28 09:26:22.957086+08:00
o,d,全體聊天室,2023-12-28 09:26:23.237711+08:00
o,f,全體聊天室,2023-12-28 09:26:23.517373+08:00
戴,"5}S9/s2ZB2-}J0no&nbsp;Fbegj#e^[7vV&1c/&nbsp;Q:Bd)&lt;I#O*RKo1$[&nbsp;Y~|L&d6vHCQx&,Y7&nbsp;jJi&gt;N:cvi6h`BSlH&nbsp;o&gt;AsNS\x.i&gt;L&gt;}ry&nbsp;x6TD8it(I&lt;V?RKEV&nbsp;&)+o&Q(sfCj:{U-1&nbsp;\y*cO3,h=j}`+ck@&nbsp;}\v2N$3L(,/9%-1d",全體聊天室,2023-12-28 09:26:23.670293+08:00
o,f,全體聊天室,2023-12-28 09:26:23.854099+08:00
o,ff,全體聊天室,2023-12-28 09:26:24.187777+08:00
士,"5}S9/s2ZB2-}J0no&nbsp;Fbegj#e^[7vV&1c/&nbsp;Q:Bd)&lt;I#O*RKo1$[&nbsp;Y~|L&d6vHCQx&,Y7&nbsp;jJi&gt;N:cvi6h`BSlH&nbsp;o&gt;AsNS\x.i&gt;L&gt;}ry&nbsp;x6TD8it(I&lt;V?RKEV&nbsp;&)+o&Q(sfCj:{U-1&nbsp;\y*cO3,h=j}`+ck@&nbsp;}\v2N$3L(,/9%-1d",全體聊天室,2023-12-28 09:26:25.503894+08:00
o,s,全體聊天室,2023-12-28 09:26:26.361102+08:00
o,s,全體聊天室,2023-12-28 09:26:26.684964+08:00
o,s,全體聊天室,2023-12-28 09:26:26.919011+08:00
凱,"5}S9/s2ZB2-}J0no&nbsp;Fbegj#e^[7vV&1c/&nbsp;Q:Bd)&lt;I#O*RKo1$[&nbsp;Y~|L&d6vHCQx&,Y7&nbsp;jJi&gt;N:cvi6h`BSlH&nbsp;o&gt;AsNS\x.i&gt;L&gt;}ry&nbsp;x6TD8it(I&lt;V?RKEV&nbsp;&)+o&Q(sfCj:{U-1&nbsp;\y*cO3,h=j}`+ck@&nbsp;}\v2N$3L(,/9%-1d",全體聊天室,2023-12-28 09:26:27.540877+08:00
o,d,全體聊天室,2023-12-28 09:26:28.061358+08:00
o,d,全體聊天室,2023-12-28 09:26:28.337793+08:00
o,d,全體聊天室,2023-12-28 09:26:28.547740+08:00
戴士凱,"5}S9/s2ZB2-}J0no&nbsp;Fbegj#e^[7vV&1c/&nbsp;Q:Bd)&lt;I#O*RKo1$[&nbsp;Y~|L&d6vHCQx&,Y7&nbsp;jJi&gt;N:cvi6h`BSlH&nbsp;o&gt;AsNS\x.i&gt;L&gt;}ry&nbsp;x6TD8it(I&lt;V?RKEV&nbsp;&)+o&Q(sfCj:{U-1&nbsp;\y*cO3,h=j}`+ck@&nbsp;}\v2N$3L(,/9%-1d",全體聊天室,2023-12-28 09:26:28.983284+08:00
o,d,全體聊天室,2023-12-28 09:26:29.028996+08:00
o,d,全體聊天室,2023-12-28 09:26:29.280572+08:00
o,dd,全體聊天室,2023-12-28 09:26:29.562241+08:00
o,d,全體聊天室,2023-12-28 09:26:29.821957+08:00
戴,"5}S9/s2ZB2-}J0no&nbsp;Fbegj#e^[7vV&1c/&nbsp;Q:Bd)&lt;I#O*RKo1$[&nbsp;Y~|L&d6vHCQx&,Y7&nbsp;jJi&gt;N:cvi6h`BSlH&nbsp;o&gt;AsNS\x.i&gt;L&gt;}ry&nbsp;x6TD8it(I&lt;V?RKEV&nbsp;&)+o&Q(sfCj:{U-1&nbsp;\y*cO3,h=j}`+ck@&nbsp;}\v2N$3L(,/9%-1d",全體聊天室,2023-12-28 09:26:30.533121+08:00
879,rterrterteterrt,全體聊天室,2023-12-28 09:26:30.608868+08:00
879,r,全體聊天室,2023-12-28 09:26:30.804428+08:00
879,t,全體聊天室,2023-12-28 09:26:30.982487+08:00
o,f,全體聊天室,2023-12-28 09:26:31.148297+08:00
879,er,全體聊天室,2023-12-28 09:26:31.162337+08:00
879,ter,全體聊天室,2023-12-28 09:26:31.330752+08:00
879,t,全體聊天室,2023-12-28 09:26:31.487023+08:00
o,e,全體聊天室,2023-12-28 09:26:31.562204+08:00
879,ret,全體聊天室,2023-12-28 09:26:31.669861+08:00
879,rt,全體聊天室,2023-12-28 09:26:31.849467+08:00
o,e,全體聊天室,2023-12-28 09:26:31.956400+08:00
879,t,全體聊天室,2023-12-28 09:26:32.048279+08:00
o,e,全體聊天室,2023-12-28 09:26:32.127790+08:00
士,"5}S9/s2ZB2-}J0no&nbsp;Fbegj#e^[7vV&1c/&nbsp;Q:Bd)&lt;I#O*RKo1$[&nbsp;Y~|L&d6vHCQx&,Y7&nbsp;jJi&gt;N:cvi6h`BSlH&nbsp;o&gt;AsNS\x.i&gt;L&gt;}ry&nbsp;x6TD8it(I&lt;V?RKEV&nbsp;&)+o&Q(sfCj:{U-1&nbsp;\y*cO3,h=j}`+ck@&nbsp;}\v2N$3L(,/9%-1d",全體聊天室,2023-12-28 09:26:32.156004+08:00
879,rt,全體聊天室,2023-12-28 09:26:32.249678+08:00
test,JSFA.KMFNAF&nbsp;,全體聊天室,2023-12-28 09:26:32.351172+08:00
o,e,全體聊天室,2023-12-28 09:26:32.381598+08:00
879,tr,全體聊天室,2023-12-28 09:26:32.470351+08:00
o,e,全體聊天室,2023-12-28 09:26:32.631938+08:00
879,ert,全體聊天室,2023-12-28 09:26:32.650176+08:00
879,ert,全體聊天室,2023-12-28 09:26:32.851068+08:00
o,e,全體聊天室,2023-12-28 09:26:32.859057+08:00
879,rtrt,全體聊天室,2023-12-28 09:26:33.051254+08:00
o,e,全體聊天室,2023-12-28 09:26:33.082867+08:00
879,t,全體聊天室,2023-12-28 09:26:33.251887+08:00
o,e,全體聊天室,2023-12-28 09:26:33.347327+08:00
879,r,全體聊天室,2023-12-28 09:26:33.470958+08:00
o,e,全體聊天室,2023-12-28 09:26:33.583533+08:00
凱,"5}S9/s2ZB2-}J0no&nbsp;Fbegj#e^[7vV&1c/&nbsp;Q:Bd)&lt;I#O*RKo1$[&nbsp;Y~|L&d6vHCQx&,Y7&nbsp;jJi&gt;N:cvi6h`BSlH&nbsp;o&gt;AsNS\x.i&gt;L&gt;}ry&nbsp;x6TD8it(I&lt;V?RKEV&nbsp;&)+o&Q(sfCj:{U-1&nbsp;\y*cO3,h=j}`+ck@&nbsp;}\v2N$3L(,/9%-1d",全體聊天室,2023-12-28 09:26:33.811298+08:00
879,tert,全體聊天室,2023-12-28 09:26:33.821580+08:00
o,e,全體聊天室,2023-12-28 09:26:33.825772+08:00
879,et,全體聊天室,2023-12-28 09:26:34.020111+08:00
o,e,全體聊天室,2023-12-28 09:26:34.041347+08:00
879,rt,全體聊天室,2023-12-28 09:26:34.215357+08:00
o,e,全體聊天室,2023-12-28 09:26:34.287869+08:00
879,r,全體聊天室,2023-12-28 09:26:34.435899+08:00
o,e,全體聊天室,2023-12-28 09:26:34.558336+08:00
879,et,全體聊天室,2023-12-28 09:26:34.612952+08:00
o,e,全體聊天室,2023-12-28 09:26:34.771621+08:00
o,e,全體聊天室,2023-12-28 09:26:35.026156+08:00
879,rer;;,全體聊天室,2023-12-28 09:26:35.116739+08:00
879,;,全體聊天室,2023-12-28 09:26:35.275319+08:00
o,e,全體聊天室,2023-12-28 09:26:35.302140+08:00
戴士凱,"5}S9/s2ZB2-}J0no&nbsp;Fbegj#e^[7vV&1c/&nbsp;Q:Bd)&lt;I#O*RKo1$[&nbsp;Y~|L&d6vHCQx&,Y7&nbsp;jJi&gt;N:cvi6h`BSlH&nbsp;o&gt;AsNS\x.i&gt;L&gt;}ry&nbsp;x6TD8it(I&lt;V?RKEV&nbsp;&)+o&Q(sfCj:{U-1&nbsp;\y*cO3,h=j}`+ck@&nbsp;}\v2N$3L(,/9%-1d",全體聊天室,2023-12-28 09:26:35.333394+08:00
879,;,全體聊天室,2023-12-28 09:26:35.426051+08:00
o,e,全體聊天室,2023-12-28 09:26:35.522725+08:00
879,;,全體聊天室,2023-12-28 09:26:35.569267+08:00
879,;,全體聊天室,2023-12-28 09:26:35.714865+08:00
o,e,全體聊天室,2023-12-28 09:26:35.730353+08:00
王維彤,SDKVNA;LJWB'AQ,全體聊天室,2023-12-28 09:26:35.791500+08:00
879,;,全體聊天室,2023-12-28 09:26:35.840034+08:00
admin,sd,全體聊天室,2023-12-28 09:26:35.882399+08:00
o,e,全體聊天室,2023-12-28 09:26:35.960947+08:00
879,;,全體聊天室,2023-12-28 09:26:36.002835+08:00
admin,a,全體聊天室,2023-12-28 09:26:36.022500+08:00
&#34;,666666666666666666666666666666666666,全體聊天室,2023-12-28 09:26:36.044733+08:00
879,;,全體聊天室,2023-12-28 09:26:36.151864+08:00
o,e,全體聊天室,2023-12-28 09:26:36.193155+08:00
879,;,全體聊天室,2023-12-28 09:26:36.289529+08:00
o,e,全體聊天室,2023-12-28 09:26:36.398043+08:00
879,;,全體聊天室,2023-12-28 09:26:36.425172+08:00
admin,a,全體聊天室,2023-12-28 09:26:36.545843+08:00
879,;,全體聊天室,2023-12-28 09:26:36.566812+08:00
o,e,全體聊天室,2023-12-28 09:26:36.609984+08:00
879,;,全體聊天室,2023-12-28 09:26:36.710010+08:00
戴,"5}S9/s2ZB2-}J0no&nbsp;Fbegj#e^[7vV&1c/&nbsp;Q:Bd)&lt;I#O*RKo1$[&nbsp;Y~|L&d6vHCQx&,Y7&nbsp;jJi&gt;N:cvi6h`BSlH&nbsp;o&gt;AsNS\x.i&gt;L&gt;}ry&nbsp;x6TD8it(I&lt;V?RKEV&nbsp;&)+o&Q(sfCj:{U-1&nbsp;\y*cO3,h=j}`+ck@&nbsp;}\v2N$3L(,/9%-1d",全體聊天室,2023-12-28 09:26:36.713961+08:00
o,e,全體聊天室,2023-12-28 09:26:36.820789+08:00
879,;,全體聊天室,2023-12-28 09:26:36.848298+08:00
冠傑1,'''',全體聊天室,2023-12-28 09:26:36.873904+08:00
o,e,全體聊天室,2023-12-28 09:26:37.015948+08:00
admin,sd,全體聊天室,2023-12-28 09:26:37.153322+08:00
o,e,全體聊天室,2023-12-28 09:26:37.221421+08:00
冠傑1,L,全體聊天室,2023-12-28 09:26:37.336806+08:00
o,e,全體聊天室,2023-12-28 09:26:37.423305+08:00
admin,asd,全體聊天室,2023-12-28 09:26:37.549419+08:00
o,e,全體聊天室,2023-12-28 09:26:37.631186+08:00
冠傑1,L,全體聊天室,2023-12-28 09:26:37.692866+08:00
o,e,全體聊天室,2023-12-28 09:26:37.857634+08:00
admin,wqe,全體聊天室,2023-12-28 09:26:37.887638+08:00
冠傑1,I,全體聊天室,2023-12-28 09:26:38.063355+08:00
o,e,全體聊天室,2023-12-28 09:26:38.078354+08:00
admin,zs,全體聊天室,2023-12-28 09:26:38.249849+08:00
o,e,全體聊天室,2023-12-28 09:26:38.270308+08:00
士,"5}S9/s2ZB2-}J0no&nbsp;Fbegj#e^[7vV&1c/&nbsp;Q:Bd)&lt;I#O*RKo1$[&nbsp;Y~|L&d6vHCQx&,Y7&nbsp;jJi&gt;N:cvi6h`BSlH&nbsp;o&gt;AsNS\x.i&gt;L&gt;}ry&nbsp;x6TD8it(I&lt;V?RKEV&nbsp;&)+o&Q(sfCj:{U-1&nbsp;\y*cO3,h=j}`+ck@&nbsp;}\v2N$3L(,/9%-1d",全體聊天室,2023-12-28 09:26:38.443502+08:00
冠傑1,I,全體聊天室,2023-12-28 09:26:38.466297+08:00
o,e,全體聊天室,2023-12-28 09:26:38.495790+08:00
王維彤,lkgwpahegmaqenfqag,全體聊天室,2023-12-28 09:26:38.578556+08:00
admin,dqwe,全體聊天室,2023-12-28 09:26:38.685204+08:00
o,e,全體聊天室,2023-12-28 09:26:38.765226+08:00
o,e,全體聊天室,2023-12-28 09:26:38.988211+08:00
admin,dahq,全體聊天室,2023-12-28 09:26:39.166165+08:00
o,e,全體聊天室,2023-12-28 09:26:39.188195+08:00
冠傑1,P'PIP;K,全體聊天室,2023-12-28 09:26:39.266422+08:00
o,e,全體聊天室,2023-12-28 09:26:39.383067+08:00
冠傑1,M,全體聊天室,2023-12-28 09:26:39.491134+08:00
admin,34serfbgs,全體聊天室,2023-12-28 09:26:39.525624+08:00
o,e,全體聊天室,2023-12-28 09:26:39.599194+08:00
凱,"5}S9/s2ZB2-}J0no&nbsp;Fbegj#e^[7vV&1c/&nbsp;Q:Bd)&lt;I#O*RKo1$[&nbsp;Y~|L&d6vHCQx&,Y7&nbsp;jJi&gt;N:cvi6h`BSlH&nbsp;o&gt;AsNS\x.i&gt;L&gt;}ry&nbsp;x6TD8it(I&lt;V?RKEV&nbsp;&)+o&Q(sfCj:{U-1&nbsp;\y*cO3,h=j}`+ck@&nbsp;}\v2N$3L(,/9%-1d",全體聊天室,2023-12-28 09:26:39.824575+08:00
o,ee,全體聊天室,2023-12-28 09:26:39.830558+08:00
冠傑1,P;M,全體聊天室,2023-12-28 09:26:39.845566+08:00
T1,sssss,3,2023-12-28 09:26:39.976376+08:00
o,e,全體聊天室,2023-12-28 09:26:40.052371+08:00
admin,yhtdytatsrdhfmjdsthyd,全體聊天室,2023-12-28 09:26:40.087621+08:00
冠傑1,&nbsp;,全體聊天室,2023-12-28 09:26:40.183677+08:00
admin,jtahsydmy,全體聊天室,2023-12-28 09:26:40.350797+08:00
冠傑1,",",全體聊天室,2023-12-28 09:26:40.564556+08:00
admin,htydthystahsd,全體聊天室,2023-12-28 09:26:40.662348+08:00
o,e,全體聊天室,2023-12-28 09:26:40.698797+08:00
o,e,全體聊天室,2023-12-28 09:26:40.920254+08:00
admin,hd,全體聊天室,2023-12-28 09:26:40.937693+08:00
o,e,全體聊天室,2023-12-28 09:26:41.138337+08:00
admin,ghhdsh,全體聊天室,2023-12-28 09:26:41.217862+08:00
o,e,全體聊天室,2023-12-28 09:26:41.351382+08:00
o,e,全體聊天室,2023-12-28 09:26:41.563539+08:00
admin,hggsh,全體聊天室,2023-12-28 09:26:41.569518+08:00
戴士凱,"5}S9/s2ZB2-}J0no&nbsp;Fbegj#e^[7vV&1c/&nbsp;Q:Bd)&lt;I#O*RKo1$[&nbsp;Y~|L&d6vHCQx&,Y7&nbsp;jJi&gt;N:cvi6h`BSlH&nbsp;o&gt;AsNS\x.i&gt;L&gt;}ry&nbsp;x6TD8it(I&lt;V?RKEV&nbsp;&)+o&Q(sfCj:{U-1&nbsp;\y*cO3,h=j}`+ck@&nbsp;}\v2N$3L(,/9%-1d",全體聊天室,2023-12-28 09:26:41.584513+08:00
o,e,全體聊天室,2023-12-28 09:26:41.782306+08:00
admin,nhd,全體聊天室,2023-12-28 09:26:41.867798+08:00
o,e,全體聊天室,2023-12-28 09:26:42.006122+08:00
admin,h,全體聊天室,2023-12-28 09:26:42.105186+08:00
冠傑1,46,全體聊天室,2023-12-28 09:26:42.157349+08:00
o,r,全體聊天室,2023-12-28 09:26:42.238612+08:00
test,JHEFVMNAWOEOO,全體聊天室,2023-12-28 09:26:42.293740+08:00
admin,hdnhg,全體聊天室,2023-12-28 09:26:42.379640+08:00
ct,as;dljf,全體聊天室,2023-12-28 09:26:42.565079+08:00
冠傑1,46,全體聊天室,2023-12-28 09:26:42.597469+08:00
admin,hgnhgh,全體聊天室,2023-12-28 09:26:42.660872+08:00
o,r,全體聊天室,2023-12-28 09:26:42.865986+08:00
冠傑1,46,全體聊天室,2023-12-28 09:26:42.873998+08:00
admin,hgt,全體聊天室,2023-12-28 09:26:42.909792+08:00
o,r,全體聊天室,2023-12-28 09:26:43.060787+08:00
戴,"5}S9/s2ZB2-}J0no&nbsp;Fbegj#e^[7vV&1c/&nbsp;Q:Bd)&lt;I#O*RKo1$[&nbsp;Y~|L&d6vHCQx&,Y7&nbsp;jJi&gt;N:cvi6h`BSlH&nbsp;o&gt;AsNS\x.i&gt;L&gt;}ry&nbsp;x6TD8it(I&lt;V?RKEV&nbsp;&)+o&Q(sfCj:{U-1&nbsp;\y*cO3,h=j}`+ck@&nbsp;}\v2N$3L(,/9%-1d",全體聊天室,2023-12-28 09:26:43.185825+08:00
879,宇辰2	宇辰1	johnny	加入	鎖定	前往小組頁面&nbsp;第二組	宇辰3	squall	user	加入	鎖定	前往小組頁面&nbsp;第三組	王維彤	T5	123	加入	鎖定	前往小組頁面&nbsp;第四組	johnny66543			加入	鎖定	前往小組頁面&nbsp;第五組	yiiii	T1		加入	鎖定	前往小組頁面&nbsp;第六組	makoto	陳冠傑	johnny65423	加入	鎖定	前往小組頁面&nbsp;第七組	frank			加入	鎖定	前往小組頁面&nbsp;第八組	yi	yii		加入	鎖定	前往小組頁面&nbsp;第九組	李昭逸	johnny66543	,全體聊天室,2023-12-28 09:26:43.690885+08:00
o,r,全體聊天室,2023-12-28 09:26:43.712143+08:00
o,r,全體聊天室,2023-12-28 09:26:44.082236+08:00
o,r,全體聊天室,2023-12-28 09:26:44.327768+08:00
冠傑1,6464,全體聊天室,2023-12-28 09:26:44.366321+08:00
879,宇辰2	宇辰1	johnny	加入	鎖定	前往小組頁面&nbsp;第二組	宇辰3	squall	user	加入	鎖定	前往小組頁面&nbsp;第三組	王維彤	T5	123	加入	鎖定	前往小組頁面&nbsp;第四組	johnny66543			加入	鎖定	前往小組頁面&nbsp;第五組	yiiii	T1		加入	鎖定	前往小組頁面&nbsp;第六組	makoto	陳冠傑	johnny65423	加入	鎖定	前往小組頁面&nbsp;第七組	frank			加入	鎖定	前往小組頁面&nbsp;第八組	yi	yii		加入	鎖定	前往小組頁面&nbsp;第九組	李昭逸	johnny66543	,全體聊天室,2023-12-28 09:26:44.371309+08:00
o,r,全體聊天室,2023-12-28 09:26:44.563820+08:00
test,d;kbj;wkgn,全體聊天室,2023-12-28 09:26:44.658952+08:00
o,r,全體聊天室,2023-12-28 09:26:44.763178+08:00
879,宇辰2	宇辰1	johnny	加入	鎖定	前往小組頁面&nbsp;第二組	宇辰3	squall	user	加入	鎖定	前往小組頁面&nbsp;第三組	王維彤	T5	123	加入	鎖定	前往小組頁面&nbsp;第四組	johnny66543			加入	鎖定	前往小組頁面&nbsp;第五組	yiiii	T1		加入	鎖定	前往小組頁面&nbsp;第六組	makoto	陳冠傑	johnny65423	加入	鎖定	前往小組頁面&nbsp;第七組	frank			加入	鎖定	前往小組頁面&nbsp;第八組	yi	yii		加入	鎖定	前往小組頁面&nbsp;第九組	李昭逸	johnny66543	,全體聊天室,2023-12-28 09:26:45.068771+08:00
o,r,全體聊天室,2023-12-28 09:26:45.857794+08:00
879,宇辰2	宇辰1	johnny	加入	鎖定	前往小組頁面&nbsp;第二組	宇辰3	squall	user	加入	鎖定	前往小組頁面&nbsp;第三組	王維彤	T5	123	加入	鎖定	前往小組頁面&nbsp;第四組	johnny66543			加入	鎖定	前往小組頁面&nbsp;第五組	yiiii	T1		加入	鎖定	前往小組頁面&nbsp;第六組	makoto	陳冠傑	johnny65423	加入	鎖定	前往小組頁面&nbsp;第七組	frank			加入	鎖定	前往小組頁面&nbsp;第八組	yi	yii		加入	鎖定	前往小組頁面&nbsp;第九組	李昭逸	johnny66543	,全體聊天室,2023-12-28 09:26:46.128029+08:00
